{
  "selection_rule_for_conditional_figure": "lowest alg2_eR, because the conditional attitude snapshot is a rotational visualization",
  "selected_seed": 44,
  "best_by_rotation": {
    "source": "current_exp2CB_trace",
    "case": "false_confidence",
    "seed": 44,
    "alg2_eR": 0.23727024961080684,
    "alg2_ep": 0.0010438973602262664,
    "rho_alg2": 6.618618385827524,
    "s_rot_alg2": 9.989354059220158,
    "alg2_stop_reason": "reached T_max",
    "rank_by_alg2_eR": 1,
    "rank_by_alg2_ep": 3,
    "rank_by_rho_alg2": 2,
    "rank_by_s_rot_alg2": 1
  },
  "best_by_translation": {
    "source": "current_exp2CB_sweep",
    "case": "false_confidence",
    "seed": 45,
    "alg2_eR": 0.24028891230240834,
    "alg2_ep": 0.0009170386751948338,
    "rho_alg2": 6.685796918273864,
    "s_rot_alg2": 8.5540429549957,
    "alg2_stop_reason": "reached T_max",
    "rank_by_alg2_eR": 2,
    "rank_by_alg2_ep": 1,
    "rank_by_rho_alg2": 3,
    "rank_by_s_rot_alg2": 4
  },
  "best_by_rho": {
    "source": "existing_exp2C_records",
    "case": "false_confidence",
    "seed": 42,
    "alg2_eR": 0.25666938208967843,
    "alg2_ep": 0.0009395530235866228,
    "rho_alg2": 6.056194853624535,
    "s_rot_alg2": 9.88253798205501,
    "alg2_stop_reason": "reached T_max",
    "rank_by_alg2_eR": 5,
    "rank_by_alg2_ep": 2,
    "rank_by_rho_alg2": 1,
    "rank_by_s_rot_alg2": 2
  },
  "best_by_srot": {
    "source": "current_exp2CB_trace",
    "case": "false_confidence",
    "seed": 44,
    "alg2_eR": 0.23727024961080684,
    "alg2_ep": 0.0010438973602262664,
    "rho_alg2": 6.618618385827524,
    "s_rot_alg2": 9.989354059220158,
    "alg2_stop_reason": "reached T_max",
    "rank_by_alg2_eR": 1,
    "rank_by_alg2_ep": 3,
    "rank_by_rho_alg2": 2,
    "rank_by_s_rot_alg2": 1
  },
  "records_sorted_by_rotation": [
    {
      "source": "current_exp2CB_trace",
      "case": "false_confidence",
      "seed": 44,
      "alg2_eR": 0.23727024961080684,
      "alg2_ep": 0.0010438973602262664,
      "rho_alg2": 6.618618385827524,
      "s_rot_alg2": 9.989354059220158,
      "alg2_stop_reason": "reached T_max",
      "rank_by_alg2_eR": 1,
      "rank_by_alg2_ep": 3,
      "rank_by_rho_alg2": 2,
      "rank_by_s_rot_alg2": 1
    },
    {
      "source": "current_exp2CB_sweep",
      "case": "false_confidence",
      "seed": 45,
      "alg2_eR": 0.24028891230240834,
      "alg2_ep": 0.0009170386751948338,
      "rho_alg2": 6.685796918273864,
      "s_rot_alg2": 8.5540429549957,
      "alg2_stop_reason": "reached T_max",
      "rank_by_alg2_eR": 2,
      "rank_by_alg2_ep": 1,
      "rank_by_rho_alg2": 3,
      "rank_by_s_rot_alg2": 4
    },
    {
      "source": "existing_exp2C_records",
      "case": "false_confidence",
      "seed": 43,
      "alg2_eR": 0.24143373342451763,
      "alg2_ep": 0.0012016074282199373,
      "rho_alg2": 7.346890325636186,
      "s_rot_alg2": 8.981540940059288,
      "alg2_stop_reason": "reached T_max",
      "rank_by_alg2_eR": 3,
      "rank_by_alg2_ep": 4,
      "rank_by_rho_alg2": 5,
      "rank_by_s_rot_alg2": 3
    },
    {
      "source": "current_exp2CB_sweep",
      "case": "false_confidence",
      "seed": 46,
      "alg2_eR": 0.2533645043303171,
      "alg2_ep": 0.0012906872581530326,
      "rho_alg2": 7.182307235164804,
      "s_rot_alg2": 8.095685988490075,
      "alg2_stop_reason": "reached T_max",
      "rank_by_alg2_eR": 4,
      "rank_by_alg2_ep": 5,
      "rank_by_rho_alg2": 4,
      "rank_by_s_rot_alg2": 5
    },
    {
      "source": "existing_exp2C_records",
      "case": "false_confidence",
      "seed": 42,
      "alg2_eR": 0.25666938208967843,
      "alg2_ep": 0.0009395530235866228,
      "rho_alg2": 6.056194853624535,
      "s_rot_alg2": 9.88253798205501,
      "alg2_stop_reason": "reached T_max",
      "rank_by_alg2_eR": 5,
      "rank_by_alg2_ep": 2,
      "rank_by_rho_alg2": 1,
      "rank_by_s_rot_alg2": 2
    }
  ],
  "records": [
    {
      "source": "existing_exp2C_records",
      "case": "false_confidence",
      "seed": 42,
      "alg2_eR": 0.25666938208967843,
      "alg2_ep": 0.0009395530235866228,
      "rho_alg2": 6.056194853624535,
      "s_rot_alg2": 9.88253798205501,
      "alg2_stop_reason": "reached T_max",
      "rank_by_alg2_eR": 5,
      "rank_by_alg2_ep": 2,
      "rank_by_rho_alg2": 1,
      "rank_by_s_rot_alg2": 2
    },
    {
      "source": "existing_exp2C_records",
      "case": "false_confidence",
      "seed": 43,
      "alg2_eR": 0.24143373342451763,
      "alg2_ep": 0.0012016074282199373,
      "rho_alg2": 7.346890325636186,
      "s_rot_alg2": 8.981540940059288,
      "alg2_stop_reason": "reached T_max",
      "rank_by_alg2_eR": 3,
      "rank_by_alg2_ep": 4,
      "rank_by_rho_alg2": 5,
      "rank_by_s_rot_alg2": 3
    },
    {
      "source": "current_exp2CB_trace",
      "case": "false_confidence",
      "seed": 44,
      "alg2_eR": 0.23727024961080684,
      "alg2_ep": 0.0010438973602262664,
      "rho_alg2": 6.618618385827524,
      "s_rot_alg2": 9.989354059220158,
      "alg2_stop_reason": "reached T_max",
      "rank_by_alg2_eR": 1,
      "rank_by_alg2_ep": 3,
      "rank_by_rho_alg2": 2,
      "rank_by_s_rot_alg2": 1
    },
    {
      "source": "current_exp2CB_sweep",
      "case": "false_confidence",
      "seed": 45,
      "alg2_eR": 0.24028891230240834,
      "alg2_ep": 0.0009170386751948338,
      "rho_alg2": 6.685796918273864,
      "s_rot_alg2": 8.5540429549957,
      "alg2_stop_reason": "reached T_max",
      "rank_by_alg2_eR": 2,
      "rank_by_alg2_ep": 1,
      "rank_by_rho_alg2": 3,
      "rank_by_s_rot_alg2": 4
    },
    {
      "source": "current_exp2CB_sweep",
      "case": "false_confidence",
      "seed": 46,
      "alg2_eR": 0.2533645043303171,
      "alg2_ep": 0.0012906872581530326,
      "rho_alg2": 7.182307235164804,
      "s_rot_alg2": 8.095685988490075,
      "alg2_stop_reason": "reached T_max",
      "rank_by_alg2_eR": 4,
      "rank_by_alg2_ep": 5,
      "rank_by_rho_alg2": 4,
      "rank_by_s_rot_alg2": 5
    }
  ]
}