{
  "case": "mild_beta1",
  "selection_rule": "min final_cond_peak_mean_deg, tie-break alg2_eR",
  "best_seed": 42,
  "best_record": {
    "case": "mild_beta1",
    "seed": 42,
    "beta": 1.0,
    "c_kappa": 1.0,
    "c_Lambda": 1.0,
    "K": 10,
    "K_max": 24,
    "n_outer_iterations": 15,
    "posterior_trace_states": 16,
    "stop_reason": "reached T_max",
    "elapsed_sec": 585.8504190444946,
    "init_eR": 0.1315587660703087,
    "init_ep": 0.007297259759663213,
    "alg1_eR": 0.33025876723505493,
    "alg1_ep": 0.016394510947557377,
    "alg2_eR": 0.5440859370913125,
    "alg2_ep": 0.01766486716485022,
    "rho_alg1": 21.84372075588075,
    "rho_alg2": 12.29263442905362,
    "s_rot_alg1": 7.403768494358642,
    "s_rot_alg2": 0.026891992489045648,
    "final_cond_peak_mean_deg": 6.389372997363437,
    "final_cond_peak_max_deg": 7.96833238436088,
    "final_cond_peak_distances_deg": [
      7.96833238436088,
      5.565324743999479,
      5.63446186372995
    ],
    "final_cond_peak_uv_deg": [
      [
        -6.222222222222221,
        4.977777777777781
      ],
      [
        2.4888888888888876,
        4.977777777777781
      ],
      [
        -0.6222222222222202,
        -5.600000000000001
      ]
    ],
    "final_cond_ess_ratio": 0.8646563704741078,
    "final_cond_acceptance_rate": 0.42411764705882354
  },
  "records_sorted": [
    {
      "case": "mild_beta1",
      "seed": 42,
      "beta": 1.0,
      "c_kappa": 1.0,
      "c_Lambda": 1.0,
      "K": 10,
      "K_max": 24,
      "n_outer_iterations": 15,
      "posterior_trace_states": 16,
      "stop_reason": "reached T_max",
      "elapsed_sec": 585.8504190444946,
      "init_eR": 0.1315587660703087,
      "init_ep": 0.007297259759663213,
      "alg1_eR": 0.33025876723505493,
      "alg1_ep": 0.016394510947557377,
      "alg2_eR": 0.5440859370913125,
      "alg2_ep": 0.01766486716485022,
      "rho_alg1": 21.84372075588075,
      "rho_alg2": 12.29263442905362,
      "s_rot_alg1": 7.403768494358642,
      "s_rot_alg2": 0.026891992489045648,
      "final_cond_peak_mean_deg": 6.389372997363437,
      "final_cond_peak_max_deg": 7.96833238436088,
      "final_cond_peak_distances_deg": [
        7.96833238436088,
        5.565324743999479,
        5.63446186372995
      ],
      "final_cond_peak_uv_deg": [
        [
          -6.222222222222221,
          4.977777777777781
        ],
        [
          2.4888888888888876,
          4.977777777777781
        ],
        [
          -0.6222222222222202,
          -5.600000000000001
        ]
      ],
      "final_cond_ess_ratio": 0.8646563704741078,
      "final_cond_acceptance_rate": 0.42411764705882354
    },
    {
      "case": "mild_beta1",
      "seed": 43,
      "beta": 1.0,
      "c_kappa": 1.0,
      "c_Lambda": 1.0,
      "K": 10,
      "K_max": 24,
      "n_outer_iterations": 15,
      "posterior_trace_states": 16,
      "stop_reason": "reached T_max",
      "elapsed_sec": 617.0520491600037,
      "init_eR": 0.1315587660703087,
      "init_ep": 0.007297259759663213,
      "alg1_eR": 0.3939753512548798,
      "alg1_ep": 0.01629911481299286,
      "alg2_eR": 0.302162844115444,
      "alg2_ep": 0.008887071769110256,
      "rho_alg1": 22.92673635545501,
      "rho_alg2": 15.233642755520822,
      "s_rot_alg1": 7.403768494358642,
      "s_rot_alg2": 29.411833158241365,
      "final_cond_peak_mean_deg": 8.425108408698902,
      "final_cond_peak_max_deg": 10.705115887875266,
      "final_cond_peak_distances_deg": [
        10.705115887875266,
        6.222222222222226,
        8.347987115999217
      ],
      "final_cond_peak_uv_deg": [
        [
          8.711111111111109,
          6.222222222222221
        ],
        [
          3.7333333333333343,
          4.977777777777781
        ],
        [
          -3.7333333333333343,
          7.466666666666669
        ]
      ],
      "final_cond_ess_ratio": 0.0005622583415695933,
      "final_cond_acceptance_rate": 0.4164705882352941
    },
    {
      "case": "mild_beta1",
      "seed": 46,
      "beta": 1.0,
      "c_kappa": 1.0,
      "c_Lambda": 1.0,
      "K": 10,
      "K_max": 24,
      "n_outer_iterations": 15,
      "posterior_trace_states": 16,
      "stop_reason": "reached T_max",
      "elapsed_sec": 676.5986328125,
      "init_eR": 0.1315587660703087,
      "init_ep": 0.007297259759663213,
      "alg1_eR": 0.36608759781373545,
      "alg1_ep": 0.01672132254282384,
      "alg2_eR": 0.3874711603446785,
      "alg2_ep": 0.008752812772920495,
      "rho_alg1": 21.743512202288805,
      "rho_alg2": 14.19962665924729,
      "s_rot_alg1": 7.403768494358642,
      "s_rot_alg2": 37.22944298603545,
      "final_cond_peak_mean_deg": 18.793954000861596,
      "final_cond_peak_max_deg": 25.63223279436833,
      "final_cond_peak_distances_deg": [
        5.736605440093355,
        25.63223279436833,
        25.013023768123105
      ],
      "final_cond_peak_uv_deg": [
        [
          1.244444444444447,
          5.600000000000001
        ],
        [
          25.511111111111113,
          2.4888888888888876
        ],
        [
          -24.88888888888889,
          -2.4888888888888876
        ]
      ],
      "final_cond_ess_ratio": 0.00020949067637083337,
      "final_cond_acceptance_rate": 0.4189705882352941
    },
    {
      "case": "mild_beta1",
      "seed": 44,
      "beta": 1.0,
      "c_kappa": 1.0,
      "c_Lambda": 1.0,
      "K": 10,
      "K_max": 24,
      "n_outer_iterations": 15,
      "posterior_trace_states": 16,
      "stop_reason": "reached T_max",
      "elapsed_sec": 654.2362987995148,
      "init_eR": 0.1315587660703087,
      "init_ep": 0.007297259759663213,
      "alg1_eR": 0.37937958570871577,
      "alg1_ep": 0.016919100626921493,
      "alg2_eR": 0.3639393096770006,
      "alg2_ep": 0.008679772254863232,
      "rho_alg1": 23.385850070763638,
      "rho_alg2": 15.338965793441345,
      "s_rot_alg1": 7.403768494358642,
      "s_rot_alg2": 39.90939769505231,
      "final_cond_peak_mean_deg": 19.7174464389451,
      "final_cond_peak_max_deg": 24.904439586369154,
      "final_cond_peak_distances_deg": [
        11.217270634776858,
        23.03062909568929,
        24.904439586369154
      ],
      "final_cond_peak_uv_deg": [
        [
          9.333333333333336,
          6.222222222222221
        ],
        [
          23.022222222222226,
          -0.6222222222222202
        ],
        [
          -24.266666666666666,
          5.600000000000001
        ]
      ],
      "final_cond_ess_ratio": 0.0005656298810348909,
      "final_cond_acceptance_rate": 0.4235294117647059
    },
    {
      "case": "mild_beta1",
      "seed": 45,
      "beta": 1.0,
      "c_kappa": 1.0,
      "c_Lambda": 1.0,
      "K": 10,
      "K_max": 24,
      "n_outer_iterations": 15,
      "posterior_trace_states": 16,
      "stop_reason": "reached T_max",
      "elapsed_sec": 612.0055019855499,
      "init_eR": 0.1315587660703087,
      "init_ep": 0.007297259759663213,
      "alg1_eR": 0.3813435728975458,
      "alg1_ep": 0.01601098408054382,
      "alg2_eR": 0.30885783829532,
      "alg2_ep": 0.00849824047054537,
      "rho_alg1": 22.236805635836664,
      "rho_alg2": 16.354663049721708,
      "s_rot_alg1": 7.403768494358642,
      "s_rot_alg2": 25.11385891496578,
      "final_cond_peak_mean_deg": 21.039229701236184,
      "final_cond_peak_max_deg": 23.93736683230212,
      "final_cond_peak_distances_deg": [
        17.91524628306058,
        23.93736683230212,
        21.265075988345856
      ],
      "final_cond_peak_uv_deg": [
        [
          6.222222222222221,
          16.799999999999997
        ],
        [
          21.15555555555556,
          11.200000000000003
        ],
        [
          -19.91111111111111,
          7.466666666666669
        ]
      ],
      "final_cond_ess_ratio": 0.01588844059054009,
      "final_cond_acceptance_rate": 0.4304411764705882
    }
  ]
}